[
    {
        "code": "123456789",
        "uid": "A123456789",
        "ticketInfo":[
            {
                "date" : "2021-06-01",
                "ticketsType" : "standard",
                "ticketsCountA" : 1,
                "ticketsCountB" : 2,              
                "start" : "0990",
                "end" : "1070",
                "seats": ["0413A"]
            },
            {
                "date" : "2021-06-01",
                "ticketsType" : "standard",
                "ticketsCountA" : 1,
                "ticketsCountB" : 2,  
                "start" : "0990",
                "end" : "1070",
                "seats": ["0413A"]
            }
        ],
        "payDeadline" : "2021-05-25",
        "payment" : 550
    },
    {
        "code": "123455679",
        "uid": "C123456789",
        "ticketInfo":[
            {
                "date" : "2021-06-01",
                "ticketsType" : "business",
                "ticketsCountA" : 1,
                "ticketsCountB" : 0,  
                "start" : "1070",
                "end" : "0990",
                "seats": ["0611C"]
            },
            {
                "date" : "2021-06-01",
                "ticketsType" : "business",
                "ticketsCountA" : 1,
                "ticketsCountB" : 0,  
                "start" : "0990",
                "end" : "1070",
                "seats": ["0617A"]
            }
        ],
        "payDeadline" : "2021-05-25",
        "payment" : 1200
    }
]