{"cars":[{"car":1,"type":"standard","seats":{"11":["A","B","C","D","E"],"12":["A","B","C","D","E"],"13":["A","B","C","D","E"],"1":["A","B","C"],"2":["A","B","C","D","E"],"3":["A","B","C","D","E"],"4":["A","B","C","D","E"],"5":["A","B","C","D","E"],"6":["A","B","C","D","E"],"7":["A","B","C","D","E"],"8":["A","B","C","D","E"],"9":["A","B","C","D","E"],"10":["A","B","C","D","E"]}},{"car":2,"type":"standard","seats":{"11":["A","B","C","D","E"],"12":["A","B","C","D","E"],"13":["A","B","C","D","E"],"14":["A","B","C","D","E"],"15":["A","B","C","D","E"],"16":["A","B","C","D","E"],"17":["A","B","C","D","E"],"18":["A","B","C","D","E"],"19":["A","B","C","D","E"],"1":["A","B","C"],"2":["A","B","C","D","E"],"3":["A","B","C","D","E"],"4":["A","B","C","D","E"],"5":["A","B","C","D","E"],"6":["A","B","C","D","E"],"7":["A","B","C","D","E"],"8":["A","B","C","D","E"],"9":["A","B","C","D","E"],"20":["A","B","C"],"10":["A","B","C","D","E"]}},{"car":3,"type":"standard","seats":{"11":["A","B","C","D","E"],"12":["A","B","C","D","E"],"13":["A","B","C","D","E"],"14":["A","B","C","D","E"],"15":["A","B","C","D","E"],"16":["A","B","C","D","E"],"17":["A","B","C","D","E"],"18":["A","B","C","D","E"],"1":["A","B","C"],"2":["A","B","C","D","E"],"3":["A","B","C","D","E"],"4":["A","B","C","D","E"],"5":["A","B","C","D","E"],"6":["A","B","C","D","E"],"7":["A","B","C","D","E"],"8":["A","B","C","D","E"],"9":["A","B","C","D","E"],"10":["A","B","C","D","E"]}},{"car":4,"type":"standard","seats":{"11":["A","B","C","D","E"],"12":["A","B","C","D","E"],"13":["A","B","C","D","E"],"14":["A","B","C","D","E"],"15":["A","B","C","D","E"],"16":["A","B","C","D","E"],"17":["A","B","C","D","E"],"18":["A","B","C","D","E"],"19":["A","B","C","D","E"],"1":["A","B","C"],"2":["A","B","C","D","E"],"3":["A","B","C","D","E"],"4":["A","B","C","D","E"],"5":["A","B","C","D","E"],"6":["A","B","C","D","E"],"7":["A","B","C","D","E"],"8":["A","B","C","D","E"],"9":["A","B","C","D","E"],"20":["A","B","C"],"10":["A","B","C","D","E"]}},{"car":5,"type":"standard","seats":{"11":["A","B","C","D","E"],"12":["A","B","C","D","E"],"13":["A","B","C","D","E"],"14":["A","B","C","D","E"],"15":["A","B","C","D","E"],"16":["A","B","C","D","E"],"17":["A","B","C","D","E"],"1":["A","B","C"],"2":["A","B","C","D","E"],"3":["A","B","C","D","E"],"4":["A","B","C","D","E"],"5":["A","B","C","D","E"],"6":["A","B","C","D","E"],"7":["A","B","C","D","E"],"8":["A","B","C","D","E"],"9":["A","B","C","D","E"],"10":["A","B","C","D","E"]}},{"car":6,"type":"business","seats":{"11":["A","C","D","E"],"12":["A","C","D","E"],"13":["A","C","D","E"],"14":["A","C","D","E"],"15":["A","C","D","E"],"16":["A","C","D","E"],"17":["A","C","D","E"],"1":["D","E"],"2":["A","C","D","E"],"3":["A","C","D","E"],"4":["A","C","D","E"],"5":["A","C","D","E"],"6":["A","C","D","E"],"7":["A","C","D","E"],"8":["A","C","D","E"],"9":["A","C","D","E"],"10":["A","C","D","E"]}},{"car":7,"type":"standard","seats":{"11":["A","B","C","D","E"],"1":["A","B","C","D","E"],"12":["D","E"],"2":["A","B","C","D","E"],"3":["A","B","C","D","E"],"4":["A","B","C","D","E"],"5":["A","B","C","D","E"],"6":["A","B","C","D","E"],"7":["A","B","C","D","E"],"8":["A","B","C","D","E"],"9":["A","B","C","D","E"],"10":["A","B","C","D","E"]}},{"car":8,"type":"standard","seats":{"11":["A","B","C","D","E"],"12":["A","B","C","D","E"],"13":["A","B","C","D","E"],"14":["A","B","C","D","E"],"15":["A","B","C","D","E"],"16":["A","B","C","D","E"],"17":["A","B","C","D","E"],"18":["A","B","C","D","E"],"19":["A","B","C","D","E"],"1":["A","B","C"],"2":["A","B","C","D","E"],"3":["A","B","C","D","E"],"4":["A","B","C","D","E"],"5":["A","B","C","D","E"],"6":["A","B","C","D","E"],"7":["A","B","C","D","E"],"8":["A","B","C","D","E"],"9":["A","B","C","D","E"],"20":["A","B","C"],"10":["A","B","C","D","E"]}},{"car":9,"type":"standard","seats":{"11":["A","B","C","D","E"],"12":["A","B","C","D","E"],"13":["A","B","C","D","E"],"14":["A","B","C","D","E"],"15":["A","B","C","D","E"],"16":["A","B","C","D","E"],"17":["A","B","C","D","E"],"18":["A","B","C","D","E"],"1":["A","B","C"],"2":["A","B","C","D","E"],"3":["A","B","C","D","E"],"4":["A","B","C","D","E"],"5":["A","B","C","D","E"],"6":["A","B","C","D","E"],"7":["A","B","C","D","E"],"8":["A","B","C","D","E"],"9":["A","B","C","D","E"],"10":["A","B","C","D","E"]}},{"car":10,"type":"standard","seats":{"11":["A","B","C","D","E"],"12":["A","B","C","D","E"],"13":["A","B","C","D","E"],"14":["A","B","C","D","E"],"15":["A","B","C","D","E"],"16":["A","B","C","D","E"],"17":["A","B","C","D","E"],"18":["A","B","C","D","E"],"19":["A","B","C","D","E"],"1":["A","B","C"],"2":["A","B","C","D","E"],"3":["A","B","C","D","E"],"4":["A","B","C","D","E"],"5":["A","B","C","D","E"],"6":["A","B","C","D","E"],"7":["A","B","C","D","E"],"8":["A","B","C","D","E"],"9":["A","B","C","D","E"],"20":["A","B","C"],"10":["A","B","C","D","E"]}},{"car":11,"type":"standard","seats":{"11":["A","B","C","D","E"],"12":["A","B","C","D","E"],"13":["A","B","C","D","E"],"14":["A","B","C","D","E"],"15":["A","B","C","D","E"],"16":["A","B","C","D","E"],"17":["A","B","C","D","E"],"18":["A","B","C","D","E"],"1":["A","B","C"],"2":["A","B","C","D","E"],"3":["A","B","C","D","E"],"4":["A","B","C","D","E"],"5":["A","B","C","D","E"],"6":["A","B","C","D","E"],"7":["A","B","C","D","E"],"8":["A","B","C","D","E"],"9":["A","B","C","D","E"],"10":["A","B","C","D","E"]}},{"car":12,"type":"standard","seats":{"11":["A","B","C","D","E"],"12":["A","B","C","D","E"],"13":["A","B","C","D","E"],"14":["A","B","C"],"1":["A","B","C","D","E"],"2":["A","B","C","D","E"],"3":["A","B","C","D","E"],"4":["A","B","C","D","E"],"5":["A","B","C","D","E"],"6":["A","B","C","D","E"],"7":["A","B","C","D","E"],"8":["A","B","C","D","E"],"9":["A","B","C","D","E"],"10":["A","B","C","D","E"]}}],"seatsPosition":{"A":"window","B":"middle","C":"aisle","D":"aisle","E":"window"}}